{
    "total_runtime": 122.94945883750916,
    "num_documents": 1,
    "input_load_time": 0,
    "workflows": {
        "create_base_text_units": {
            "overall": 3.030324935913086,
            "0_orderby": 0.0033020973205566406,
            "1_zip": 0.0015337467193603516,
            "2_aggregate_override": 0.004478931427001953,
            "3_chunk": 2.995120048522949,
            "4_select": 0.0022270679473876953,
            "5_unroll": 0.004068136215209961,
            "6_rename": 0.002254009246826172,
            "7_genid": 0.0037949085235595703,
            "8_unzip": 0.0023980140686035156,
            "9_copy": 0.0018029212951660156,
            "10_filter": 0.00820779800415039
        },
        "create_base_extracted_entities": {
            "overall": 40.85599160194397,
            "0_entity_extract": 40.819013833999634,
            "1_merge_graphs": 0.03467988967895508
        },
        "create_summarized_entities": {
            "overall": 8.575659036636353,
            "0_summarize_descriptions": 8.573123931884766
        },
        "create_base_entity_graph": {
            "overall": 0.09314799308776855,
            "0_cluster_graph": 0.0864419937133789,
            "1_select": 0.0041429996490478516
        },
        "create_final_entities": {
            "overall": 1.9172818660736084,
            "0_unpack_graph": 0.0293731689453125,
            "1_rename": 0.005528926849365234,
            "2_select": 0.0035011768341064453,
            "3_dedupe": 0.006297111511230469,
            "4_rename": 0.004059791564941406,
            "5_filter": 0.011123895645141602,
            "6_text_split": 0.0059108734130859375,
            "7_drop": 0.004496097564697266,
            "8_merge": 0.020546913146972656,
            "9_text_embed": 1.796555995941162,
            "10_drop": 0.007966041564941406,
            "11_filter": 0.017792940139770508
        },
        "create_final_nodes": {
            "overall": 0.3173980712890625,
            "0_layout_graph": 0.09399199485778809,
            "1_unpack_graph": 0.11589503288269043,
            "2_unpack_graph": 0.03138303756713867,
            "3_drop": 0.005593061447143555,
            "4_filter": 0.014687061309814453,
            "5_select": 0.005706071853637695,
            "6_rename": 0.004964113235473633,
            "7_convert": 0.023470163345336914,
            "8_join": 0.011182069778442383,
            "9_rename": 0.0057909488677978516
        },
        "create_final_communities": {
            "overall": 0.2689988613128662,
            "0_unpack_graph": 0.030309200286865234,
            "1_unpack_graph": 0.030918121337890625,
            "2_aggregate_override": 0.010228157043457031,
            "3_join": 0.011423110961914062,
            "4_join": 0.01202082633972168,
            "5_concat": 0.006562232971191406,
            "6_filter": 0.09527802467346191,
            "7_aggregate_override": 0.010514020919799805,
            "8_join": 0.008954763412475586,
            "9_filter": 0.01603412628173828,
            "10_fill": 0.006713151931762695,
            "11_merge": 0.009784936904907227,
            "12_copy": 0.006957054138183594,
            "13_select": 0.007690906524658203
        },
        "join_text_units_to_entity_ids": {
            "overall": 0.03081488609313965,
            "0_select": 0.006979942321777344,
            "1_unroll": 0.008375883102416992,
            "2_aggregate_override": 0.008484125137329102
        },
        "create_final_relationships": {
            "overall": 0.14005589485168457,
            "0_unpack_graph": 0.033258676528930664,
            "1_filter": 0.0205230712890625,
            "2_rename": 0.008273124694824219,
            "3_filter": 0.024401187896728516,
            "4_drop": 0.008151054382324219,
            "5_compute_edge_combined_degree": 0.01046299934387207,
            "6_convert": 0.018085718154907227,
            "7_convert": 0.00939488410949707
        },
        "join_text_units_to_relationship_ids": {
            "overall": 0.04613995552062988,
            "0_select": 0.008584976196289062,
            "1_unroll": 0.00969696044921875,
            "2_aggregate_override": 0.010046958923339844,
            "3_select": 0.009335994720458984
        },
        "create_final_community_reports": {
            "overall": 65.54851508140564,
            "0_prepare_community_reports_nodes": 0.013406991958618164,
            "1_prepare_community_reports_edges": 0.011483192443847656,
            "2_restore_community_hierarchy": 0.012043952941894531,
            "3_prepare_community_reports": 0.0969233512878418,
            "4_create_community_reports": 65.3773832321167,
            "5_window": 0.02704000473022461
        },
        "create_final_text_units": {
            "overall": 0.07880306243896484,
            "0_select": 0.010052919387817383,
            "1_rename": 0.010236263275146484,
            "2_join": 0.012881755828857422,
            "3_join": 0.012594223022460938,
            "4_aggregate_override": 0.01247096061706543,
            "5_select": 0.010942935943603516
        },
        "create_base_documents": {
            "overall": 0.11884069442749023,
            "0_unroll": 0.011714935302734375,
            "1_select": 0.011221647262573242,
            "2_rename": 0.011532783508300781,
            "3_join": 0.013720035552978516,
            "4_aggregate_override": 0.011723756790161133,
            "5_join": 0.013399839401245117,
            "6_rename": 0.011728286743164062,
            "7_convert": 0.02315807342529297
        },
        "create_final_documents": {
            "overall": 0.022725820541381836,
            "0_rename": 0.011430025100708008
        }
    }
}